Phenotype,Dose_mg,AUC_med,AUC_q1,AUC_q3,C24_med,C24_q1,C24_q3,pct_in_auc_target,pct_in_c24_target,pct_in_dual_target,pct_supra
Slow,200,11.821589601352755,9.746930820375242,14.289328357084186,0.03349388343939616,0.018873045972003538,0.059286818943129774,0.8,19.650000000000002,0.0,2.35
Slow,250,14.776987001690944,12.183663525469054,17.86166044635523,0.04186735429924521,0.023591307465004423,0.07410852367891221,4.35,14.649999999999999,0.0,4.95
Slow,300,17.732384402029133,14.620396230562864,21.43399253562628,0.05024082515909424,0.028309568958005307,0.08893022841469467,14.549999999999999,9.950000000000001,0.0,8.3
Slow,350,20.687781802367326,17.057128935656678,25.006324624897328,0.05861429601894329,0.033027830451006185,0.10375193315047711,31.75,7.049999999999999,0.0,12.7
Slow,400,23.64317920270551,19.493861640750485,28.57865671416837,0.06698776687879232,0.037746091944007076,0.11857363788625955,49.25,4.95,0.0,16.400000000000002
Slow,450,26.598576603043703,21.9305943458443,32.15098880343942,0.07536123773864137,0.04246435343700796,0.133395342622042,64.2,3.75,0.0,20.200000000000003
Slow,500,29.55397400338189,24.36732705093811,35.72332089271046,0.08373470859849041,0.047182614930008845,0.14821704735782443,74.75,3.05,0.0,24.8
Slow,550,32.50937140372008,26.804059756031922,39.29565298198151,0.09210817945833946,0.05190087642300972,0.16303875209360688,81.45,2.15,0.05,28.299999999999997
Slow,600,35.46476880405827,29.24079246112573,42.86798507125256,0.10048165031818848,0.056619137916010615,0.17786045682938934,81.75,2.15,0.05,32.0
Slow,650,38.420166204396466,31.677525166219546,46.440317160523605,0.10885512117803754,0.06133739940901149,0.19268216156517182,79.95,2.0500000000000003,0.25,35.099999999999994
Slow,700,41.37556360473465,34.114257871313356,50.012649249794656,0.11722859203788658,0.06605566090201237,0.20750386630095422,74.2,2.0,0.65,38.65
Slow,750,44.33096100507284,36.55099057640716,53.584981339065706,0.12560206289773562,0.07077392239501326,0.22232557103673667,66.25,1.6,0.5499999999999999,41.5
Slow,800,47.28635840541102,38.98772328150097,57.15731342833674,0.13397553375758464,0.07549218388801415,0.2371472757725191,58.95,1.25,0.44999999999999996,45.35
Slow,850,50.24175580574922,41.42445598659479,60.7296455176078,0.14234900461743372,0.08021044538101504,0.2519689805083016,50.64999999999999,1.25,0.65,47.75
Slow,900,53.19715320608741,43.8611886916886,64.30197760687884,0.15072247547728274,0.08492870687401592,0.266790685244084,43.9,1.15,0.8,50.2
Slow,950,56.15255060642559,46.29792139678241,67.87430969614988,0.15909594633713178,0.0896469683670168,0.28161238997986643,36.85,1.05,0.8999999999999999,52.800000000000004
Slow,1000,59.10794800676378,48.73465410187622,71.44664178542092,0.16746941719698083,0.09436522986001769,0.29643409471564885,29.849999999999998,1.05,1.0,55.45
Slow,1050,62.06334540710197,51.171386806970034,75.01897387469198,0.17584288805682988,0.09908349135301855,0.31125579945143134,23.549999999999997,1.0,1.0,57.3
Slow,1100,65.01874280744016,53.608119512063844,78.59130596396302,0.18421635891667892,0.10380175284601945,0.32607750418721376,19.15,0.8999999999999999,0.8999999999999999,59.050000000000004
Slow,1150,67.97414020777835,56.044852217157654,82.16363805323407,0.19258982977652794,0.10852001433902032,0.3408992089229962,15.1,0.6,0.6,61.75000000000001
Slow,1200,70.92953760811653,58.48158492225146,85.73597014250512,0.20096330063637696,0.11323827583202123,0.35572091365877867,11.700000000000001,0.5,0.5,64.0
Slow,1250,73.88493500845473,60.918317627345274,89.30830223177617,0.20933677149622604,0.1179565373250221,0.3705426183945611,9.1,0.4,0.4,66.45
Slow,1300,76.84033240879293,63.35505033243909,92.88063432104721,0.21771024235607508,0.12267479881802298,0.38536432313034363,7.199999999999999,0.3,0.3,67.80000000000001
Slow,1350,79.79572980913112,65.7917830375329,96.45296641031827,0.22608371321592413,0.12739306031102388,0.400186027866126,5.8500000000000005,0.25,0.25,69.19999999999999
Slow,1400,82.7511272094693,68.22851574262671,100.02529849958931,0.23445718407577315,0.13211132180402474,0.41500773260190843,4.55,0.2,0.2,70.85000000000001
Slow,1450,85.7065246098075,70.66524844772053,103.59763058886035,0.2428306549356222,0.13682958329702563,0.42982943733769086,3.5000000000000004,0.2,0.2,72.0
Slow,1500,88.66192201014567,73.10198115281432,107.16996267813141,0.25120412579547124,0.14154784479002652,0.44465114207347334,2.85,0.25,0.25,72.95
Slow,1550,91.61731941048384,75.53871385790814,110.74229476740244,0.2595775966553202,0.14626610628302741,0.4594728468092557,2.25,0.25,0.25,74.25
Slow,1600,94.57271681082204,77.97544656300194,114.31462685667348,0.2679510675151693,0.1509843677760283,0.4742945515450382,1.95,0.25,0.25,75.14999999999999
Slow,1650,97.52811421116024,80.41217926809577,117.88695894594453,0.27632453837501836,0.15570262926902914,0.4891162562808206,1.5,0.15,0.15,76.55
Slow,1700,100.48351161149844,82.84891197318959,121.4592910352156,0.28469800923486743,0.1604208907620301,0.5039379610166032,1.25,0.15,0.15,77.45
Slow,1750,103.43890901183661,85.28564467828339,125.03162312448664,0.29307148009471645,0.16513915225503095,0.5187596657523855,1.05,0.15,0.15,78.45
Slow,1800,106.39430641217481,87.7223773833772,128.60395521375767,0.30144495095456547,0.16985741374803184,0.533581370488168,0.8,0.15,0.15,79.65
Intermediate,200,6.455353233188708,5.277689194913597,7.997869448181101,0.004144469204918182,0.0025603020786996765,0.0070795103308943135,0.0,9.85,0.0,0.0
Intermediate,250,8.069191541485885,6.597111493641997,9.997336810226376,0.005180586506147727,0.003200377598374596,0.008849387913617892,0.0,14.499999999999998,0.0,0.0
Intermediate,300,9.683029849783061,7.9165337923703945,11.996804172271652,0.006216703807377273,0.0038404531180495152,0.010619265496341469,0.25,19.05,0.0,0.0
Intermediate,350,11.29686815808024,9.235956091098796,13.996271534316929,0.007252821108606819,0.004480528637724434,0.01238914307906505,0.8,23.0,0.0,0.0
Intermediate,400,12.910706466377416,10.555378389827194,15.995738896362202,0.008288938409836364,0.005120604157399353,0.014159020661788627,2.3,26.650000000000002,0.0,0.0
Intermediate,450,14.524544774674595,11.874800688555593,17.995206258407478,0.00932505571106591,0.005760679677074273,0.015928898244512206,5.2,28.299999999999997,0.0,0.0
Intermediate,500,16.13838308297177,13.194222987283993,19.99467362045275,0.010361173012295454,0.006400755196749192,0.017698775827235783,10.5,30.3,0.3,0.0
Intermediate,550,17.752221391268947,14.513645286012393,21.994140982498028,0.011397290313525002,0.007040830716424111,0.019468653409959364,17.65,31.85,1.6,0.05
Intermediate,600,19.366059699566122,15.833067584740789,23.993608344543304,0.012433407614754546,0.0076809062360990304,0.021238530992682938,25.900000000000002,32.85,3.6999999999999997,0.15
Intermediate,650,20.979898007863305,17.15248988346919,25.99307570658858,0.013469524915984094,0.00832098175577395,0.023008408575406522,34.65,33.550000000000004,6.9,0.15
Intermediate,700,22.59373631616048,18.471912182197592,27.992543068633857,0.014505642217213639,0.008961057275448868,0.0247782861581301,42.449999999999996,34.35,11.0,0.15
Intermediate,750,24.207574624457656,19.79133448092599,29.99201043067913,0.015541759518443183,0.009601132795123788,0.026548163740853677,52.300000000000004,34.2,16.0,0.3
Intermediate,800,25.821412932754832,21.110756779654388,31.991477792724403,0.016577876819672727,0.010241208314798706,0.028318041323577254,60.099999999999994,33.4,20.45,0.3
Intermediate,850,27.435251241052015,22.43017907838279,33.99094515476969,0.017613994120902275,0.010881283834473628,0.030087918906300835,67.30000000000001,33.300000000000004,25.1,0.44999999999999996
Intermediate,900,29.04908954934919,23.749601377111187,35.990412516814956,0.01865011142213182,0.011521359354148546,0.03185779648902441,71.95,32.7,28.050000000000004,0.8
Intermediate,950,30.662927857646363,25.069023675839585,37.98987987886023,0.019686228723361364,0.012161434873823464,0.03362767407174799,75.8,32.300000000000004,30.45,0.8500000000000001
Intermediate,1000,32.27676616594354,26.388445974567986,39.9893472409055,0.02072234602459091,0.012801510393498384,0.03539755165447157,77.35,31.4,30.3,0.95
Intermediate,1050,33.89060447424072,27.707868273296384,41.98881460295078,0.02175846332582046,0.013441585913173303,0.03716742923719515,79.5,30.55,30.099999999999998,1.35
Intermediate,1100,35.50444278253789,29.027290572024786,43.988281964996055,0.022794580627050004,0.014081661432848221,0.03893730681991873,78.0,29.2,29.2,1.4500000000000002
Intermediate,1150,37.11828109083507,30.34671287075318,45.98774932704133,0.02383069792827955,0.014721736952523143,0.0407071844026423,76.35,27.900000000000002,27.900000000000002,1.7000000000000002
Intermediate,1200,38.732119399132245,31.666135169481578,47.98721668908661,0.024866815229509093,0.015361812472198061,0.042477061985365876,74.05000000000001,27.05,27.05,1.7999999999999998
Intermediate,1250,40.34595770742943,32.98555746820998,49.98668405113189,0.025902932530738637,0.016001887991872982,0.04424693956808946,72.75,25.55,25.55,2.1999999999999997
Intermediate,1300,41.95979601572661,34.30497976693838,51.98615141317716,0.02693904983196819,0.0166419635115479,0.046016817150813044,69.25,23.9,23.9,2.35
Intermediate,1350,43.573634324023786,35.624402065666786,53.985618775222434,0.027975167133197733,0.017282039031222822,0.04778669473353662,65.8,23.1,23.1,2.5
Intermediate,1400,45.18747263232096,36.943824364395184,55.985086137267714,0.029011284434427277,0.017922114550897737,0.0495565723162602,62.3,21.6,21.6,2.7
Intermediate,1450,46.80131094061814,38.26324666312358,57.98455349931299,0.03004740173565682,0.018562190070572658,0.05132644989898377,59.35,20.5,20.5,2.9499999999999997
Intermediate,1500,48.41514924891531,39.58266896185198,59.98402086135826,0.031083519036886366,0.019202265590247576,0.05309632748170735,55.85,19.650000000000002,19.650000000000002,3.05
Intermediate,1550,50.02898755721249,40.90209126058038,61.98348822340353,0.03211963633811591,0.019842341109922494,0.054866205064430934,51.15,18.95,18.95,3.2
Intermediate,1600,51.642825865509664,42.221513559308775,63.982955585448806,0.033155753639345455,0.020482416629597412,0.05663608264715451,46.949999999999996,17.9,17.9,3.35
Intermediate,1650,53.25666417380684,43.54093585803717,65.98242294749409,0.034191870940575,0.02112249214927233,0.058405960229878075,42.9,17.349999999999998,17.349999999999998,3.65
Intermediate,1700,54.87050248210403,44.86035815676558,67.98189030953938,0.03522798824180455,0.021762567668947255,0.06017583781260167,39.25,16.55,16.55,3.8
Intermediate,1750,56.4843407904012,46.179780455493976,69.98135767158465,0.036264105543034095,0.022402643188622173,0.06194571539532524,35.449999999999996,15.9,15.9,4.05
Intermediate,1800,58.09817909869838,47.499202754222374,71.98082503362991,0.03730022284426364,0.02304271870829709,0.06371559297804882,31.7,15.0,15.0,4.35
Rapid,200,4.95548447671956,3.9694634750219753,6.144745860932559,0.002134613975854659,0.00128849146952353,0.0034912790549926154,0.0,1.7999999999999998,0.0,0.0
Rapid,250,6.1943555958994505,4.961829343777469,7.680932326165699,0.0026682674698183238,0.0016106143369044126,0.004364098818740769,0.0,2.9499999999999997,0.0,0.0
Rapid,300,7.433226715079341,5.954195212532963,9.217118791398839,0.0032019209637819887,0.001932737204285295,0.005236918582488923,0.0,5.050000000000001,0.0,0.0
Rapid,350,8.67209783425923,6.946561081288458,10.75330525663198,0.0037355744577456536,0.002254860071666178,0.006109738346237077,0.0,6.950000000000001,0.0,0.0
Rapid,400,9.91096895343912,7.9389269500439505,12.289491721865119,0.004269227951709318,0.00257698293904706,0.006982558109985231,0.15,9.4,0.0,0.0
Rapid,450,11.149840072619012,8.931292818799445,13.82567818709826,0.004802881445672983,0.0028991058064279426,0.007855377873733384,0.4,12.4,0.0,0.0
Rapid,500,12.388711191798901,9.923658687554939,15.361864652331398,0.0053365349396366476,0.003221228673808825,0.008728197637481538,1.2,15.2,0.0,0.05
Rapid,550,13.627582310978791,10.916024556310433,16.89805111756454,0.005870188433600313,0.0035433515411897078,0.009601017401229692,2.9000000000000004,16.900000000000002,0.1,0.05
Rapid,600,14.866453430158682,11.908390425065926,18.434237582797678,0.006403841927563977,0.00386547440857059,0.010473837164977845,5.25,20.599999999999998,1.0,0.05
Rapid,650,16.105324549338576,12.900756293821422,19.970424048030825,0.006937495421527643,0.004187597275951473,0.011346656928726,10.15,23.150000000000002,3.8,0.05
Rapid,700,17.34419566851846,13.893122162576915,21.50661051326396,0.007471148915491307,0.004509720143332356,0.012219476692474154,15.45,24.9,7.3,0.05
Rapid,750,18.58306678769835,14.885488031332407,23.0427969784971,0.008004802409454972,0.004831843010713237,0.013092296456222306,21.7,26.450000000000003,11.95,0.05
Rapid,800,19.82193790687824,15.877853900087901,24.578983443730237,0.008538455903418635,0.00515396587809412,0.013965116219970462,29.4,28.7,18.099999999999998,0.05
Rapid,850,21.060809026058134,16.8702197688434,26.11516990896338,0.009072109397382302,0.005476088745475003,0.014837935983718615,36.199999999999996,29.65,22.3,0.05
Rapid,900,22.299680145238025,17.86258563759889,27.65135637419652,0.009605762891345966,0.005798211612855885,0.01571075574746677,42.75,30.8,26.950000000000003,0.05
Rapid,950,23.53855126441791,18.854951506354382,29.18754283942966,0.010139416385309631,0.006120334480236767,0.01658357551121492,48.699999999999996,31.75,29.15,0.1
Rapid,1000,24.777422383597802,19.847317375109878,30.723729304662797,0.010673069879273295,0.00644245734761765,0.017456395274963076,55.1,32.25,31.15,0.1
Rapid,1050,26.016293502777696,20.839683243865373,32.25991576989594,0.01120672337323696,0.006764580214998533,0.01832921503871123,60.650000000000006,33.4,32.7,0.1
Rapid,1100,27.255164621957583,21.832049112620865,33.79610223512908,0.011740376867200626,0.0070867030823794155,0.019202034802459383,65.35,34.35,33.85,0.1
Rapid,1150,28.494035741137473,22.824414981376357,35.33228870036222,0.012274030361164291,0.007408825949760297,0.020074854566207535,68.8,33.85,33.5,0.1
Rapid,1200,29.732906860317364,23.816780850131853,36.868475165595356,0.012807683855127955,0.00773094881714118,0.02094767432995569,72.3,33.75,33.75,0.1
Rapid,1250,30.971777979497254,24.809146718887348,38.4046616308285,0.01334133734909162,0.008053071684522062,0.021820494093703846,75.14999999999999,33.75,33.75,0.1
Rapid,1300,32.21064909867715,25.801512587642843,39.94084809606165,0.013874990843055286,0.008375194551902946,0.022693313857452,77.05,34.449999999999996,34.449999999999996,0.1
Rapid,1350,33.449520217857035,26.793878456398335,41.477034561294786,0.01440864433701895,0.00869731741928383,0.023566133621200153,77.60000000000001,34.8,34.8,0.15
Rapid,1400,34.68839133703692,27.78624432515383,43.01322102652792,0.014942297830982615,0.009019440286664711,0.02443895338494831,77.14999999999999,34.8,34.8,0.2
Rapid,1450,35.92726245621681,28.778610193909323,44.54940749176106,0.01547595132494628,0.009341563154045593,0.02531177314869646,77.4,34.8,34.8,0.2
Rapid,1500,37.1661335753967,29.770976062664815,46.0855939569942,0.016009604818909944,0.009663686021426475,0.026184592912444613,75.75,34.150000000000006,34.150000000000006,0.25
Rapid,1550,38.40500469457659,30.763341931420307,47.62178042222734,0.016543258312873607,0.00998580888880736,0.027057412676192768,74.5,33.2,33.2,0.25
Rapid,1600,39.64387581375648,31.755707800175802,49.157966887460475,0.01707691180683727,0.01030793175618824,0.027930232439940923,72.1,33.35,33.35,0.3
Rapid,1650,40.88274693293637,32.7480736689313,50.69415335269362,0.017610565300800938,0.010630054623569122,0.02880305220368907,69.65,33.300000000000004,33.300000000000004,0.35000000000000003
Rapid,1700,42.12161805211627,33.7404395376868,52.23033981792676,0.018144218794764605,0.010952177490950007,0.02967587196743723,67.05,33.0,33.0,0.35000000000000003
Rapid,1750,43.36048917129616,34.73280540644229,53.7665262831599,0.01867787228872827,0.011274300358330887,0.030548691731185386,64.60000000000001,32.75,32.75,0.35000000000000003
Rapid,1800,44.59936029047605,35.72517127519778,55.30271274839304,0.019211525782691932,0.01159642322571177,0.03142151149493354,61.45,32.2,32.2,0.35000000000000003
